fp_description,label_multiclass
"마곡 시험망에서 사용하는 국번(2233, 8333, 8303, 3998)과 시뮬레이터에서 사용하는 Call 데이터로 상용 데이터는 없는 것으로 확인 하였으며, 장비의 DB 리플리케이션 로그는 시험 간 지속 발생하기 때문에 예외요청",FP-더미테스트
테스트 데이터(삭제 완료),FP-더미테스트
오탐: 예외요청 - 테스트 자동화 프레임워크인 Pytest가 테스트 실행 중 생성하는 캐시 파일에 해당. 테스트 스크립트 내부에 정의된 테스트 케이스 식별자(test node IDs)를 저장하기 위한 용도로 사용됨,FP-더미테스트
오탐 (개인정보와 관련 없는 web.mip 소스) / 오탐 (테스트 케이스 소스),FP-더미테스트
Migration 데이터로 삭제 조치 완료,FP-더미테스트
삭제조치 (성능시험 용도) / 성능시험 용도의 임의 데이터,FP-더미테스트
테스트용 데이터 / 불필요파일로 삭제조치함,FP-더미테스트
"테스트용데이터이나, 불필요파일로 삭제조치함",FP-더미테스트
삭제조치(샘플데이터파일),FP-더미테스트
스팸 위험도 학습용 전송 데이터. 삭제 완료,FP-더미테스트
테스트 파일,FP-더미테스트
"temp성 파일로, 주민등록 번호아님. 현재 삭제되어 파일 확인 불가",FP-더미테스트
테스트데이터,FP-더미테스트
성능결과,FP-더미테스트
성능시험 결과,FP-더미테스트
"1) 해당 서버는 검수망 서버입니다 2) 예시의 9640은 테스트를 위한 임직원(김주홍님) 번호이며, 개인정보보호를 위해 FROM, CTN 등의 정보는 주기적으로 삭제하는것으로 확인했습니다. 3) 확인 차, 명시된 파일에서 조회 시 CTN 정보가 확인되지는 않았습니다. 4) 이외 다른 이슈가 있다면, 말씀주시면 해당 파일 삭제 진행토록 하겠습니다.",FP-더미테스트
"1) 해당 서버는 검수망 서버입니다 2) 개인정보보호를 위해 서버에서 FROM, CTN 등의 정보는 주기적으로 삭제하는것으로 확인했습니다. 3) 확인 차, 명시된 파일에서 조회 시 CTN 정보가 확인되지는 않았습니다. 4) 이외 다른 이슈가 있다면, 말씀주시면 해당 파일 삭제 진행토록 하겠습니다.",FP-더미테스트
서비스 기능확인용 dummy data,FP-더미테스트
"분석용임시파일,예외요청",FP-더미테스트
"분석용임시파일,삭제완료",FP-더미테스트
데이터보안팀 1차 판단 -> 담당자확인 : 서비스 기능확인용 dummy data,FP-더미테스트
서비스에서 Office 문서를 처리하는 과정에서 생성되는 임시 파일 처리 이후 자동 삭제,FP-더미테스트
해당 건 시스템 패치 시 입력한 샘플데이터로 개인정보 아님,FP-더미테스트
Oracle 샘플 데이터,FP-라이브러리
리눅스 기본 파일,FP-라이브러리
시뮬레이터 설치 파일,FP-라이브러리
데이터보안팀 1차 판단 -> 담당자 확인 내용(OS 설치시 사용한 라이브러리 파일 일부),FP-라이브러리
"Repository metadata 로 리눅스 패키지 정보, 공급자 정보 등을 파악하는데 사용되는 데이터로 개인정보 없음",FP-라이브러리
오라클 DB 설치시에 같이 설치된 샘플 파일,FP-라이브러리
oracle 샘플 DB 정보,FP-라이브러리
GCP 사용으로 삭제불가,FP-라이브러리
/media/rhel88/BaseOS/repodata/e9094766c1d214eacdbcebec97483e3ff34d61cc96ff499112b82f5fed82e1f60-other.xml 경로에 파일 존재해서 삭제함,FP-라이브러리
리눅스 local 레포지터리,FP-라이브러리
해당 내용은 펌웨어의 저작권과 라이선스가 명시되어 있는 것으로 삭제 불가,FP-라이브러리
"오탐 예외요청 사유: Conda 환경에서 패키지의 버전, 의존성, 파일 목록 등을 관리하기 위한 메타데이터(설정 정보) 파일에 해당",FP-라이브러리
오라클 제공 Jar 파일,FP-라이브러리
Google Cloud SDK 설치 시 생성되는 파일,FP-라이브러리
IBM DataStage(ETL) 설치 파일의 데이터 프라이버시(마스킹) 기본 제공되는 sample 파일/삭제조치,FP-라이브러리
Maria 관련 설치필요파일,FP-라이브러리
HPUX 패치 파일,FP-라이브러리
"Application 설치 파일이며, 개인정보 존재하지않음. DCAP 장비는 개인정보를 수집하지 않습니다.",FP-라이브러리
rpm 패키지 예외처리,FP-라이브러리
"python 패키지 매니저 JSON파일, 주민등록번호 x",FP-라이브러리
"외국인 등록번호가 아닌 패키지 라이선스, 무결성 확인을 위한 고유 식별값",FP-라이브러리
언어별 번역 파일 cns(개인정보 X),FP-라이브러리
python 패키지 매니저 JOSN 파일(개인정보 X),FP-라이브러리
"오탐 예외요청 사유 : Prometheus 관련 Helm Chart의 목록을 기술한 Helm 저장소 인덱스 파일로 YAML 메타데이터, 버전, 패키지 위치 정보를 포함",FP-라이브러리
패키지 이름이 잘못 감지됨,FP-라이브러리
RHEL 개발자(OS개발자) e-mail (OS기본세팅),FP-라이브러리
OS내에 패키지 설치를 위한 repo 파일 / OS yum repository metadata의 일부로 삭제 불가,FP-라이브러리
RPM 패키지 관련 메타데이터,FP-라이브러리
오탐: docker 이미지(jenkins) 파일 (개인정보 아님),FP-라이브러리
라이브러리 관련 파일,FP-라이브러리
OS패키지 변경이력 파일,FP-라이브러리
"OS 영역, 개인정보 아님",FP-라이브러리
OS 설치파일 / Linux 설치 시 함께 설치되는 파일임,FP-라이브러리
데비안 시스템 관리 패키지 예외처리,FP-라이브러리
도커 컨테이너 이미지 및 레이어 저장을 위해 자동 생성되는 파일,FP-라이브러리
오탐: docker 이미지(airflow) 파일 (개인정보 아님),FP-라이브러리
"오탐 : 예외요청 (MLOps기술팀) - 사유 : 라이브러리 관련된 변경 사항 기록을 담고 있는 파일. 해당 파일에는 소프트웨어 업데이트나 패치, 기능 추가, 버그 수정 사항 등이 압축된 텍스트 형태로 포함",FP-라이브러리
오탐: 예외요청 - pip 패키지 매니저가 패키지 설치 과정 중 생성한 HTTP 응답 캐시 파일에 해당. 공개 패키지의 바이너리 또는 메타정보가 저장됨,FP-라이브러리
"오탐: 예외요청 - 사유 : Google Cloud SDK의 일부로, gcloud 명령어와 관련된 설정이나 메타데이터 정보를 JSON 형식으로 포함하는 파일. gcloud CLI에서 사용하는 명령 옵션, 플래그, 최신 명령어 버전 등과 같은 정보를 담아 둔 백업 파일로, Google Cloud SDK의 특정 설정을 유지하기 위한 데이터 파일이며 컨테이너 환경에서 Google Cloud SDK를 설치 및 사용한 경우, 이 파일이 생성",FP-라이브러리
"오탐 예외요청 사유 : 라이브러리 관련된 변경 사항 기록을 담고 있는 파일. 소프트웨어 업데이트나 패치, 기능 추가, 버그 수정 사항 등이 압축된 텍스트 형태로 포함",FP-라이브러리
Linux PKG 내 데이터로 개인정보와는 무관함,FP-라이브러리
개발툴 npm 패키지 파일,FP-라이브러리
anaconda 캐시파일,FP-라이브러리
os 설치 시 사용한 라이브러리 파일,FP-라이브러리
설치 파일들로 데이터보안팀에서 동일한 판단 요청드림,FP-라이브러리
OS에서 사용하는 영역입니다. 개인정보 아님,FP-라이브러리
Telerik사 kendo UI라이브러리 스크립트,FP-라이브러리
npm의 패키지 정보 캐시 데이터,FP-라이브러리
npm 패키지 데이터,FP-라이브러리
Nexus Repository 데이터,FP-라이브러리
"오탐 예외요청: npm(노드 패키지 매니저)이 내부적으로 캐시나 설정 정보를 관리하기 위해 생성하는 패키지 캐시, 무결성 체크 파일, 또는 설정 캐시에 해당",FP-라이브러리
"오탐 예외요청: blobs/sha256 경로는 도커 이미지 표준 저장 방식으로, 해당 디렉토리 내 파일은 이미지 레이어, 메타데이터 등을 sha256 해시값으로 저장한 것에 해당",FP-라이브러리
오탐 예외요청 사유: AUTHORS.gz는 컨테이너 이미지에 설치된 패키지의 기여자 (AUTHOR) 파일 정보로 탐지 예외처리 요청드립니다,FP-라이브러리
npm 라이브러리 백업 파일,FP-라이브러리
도커에서 생성한 파일,FP-라이브러리
언어별 번역 파일,FP-라이브러리
NPM Node 타입스크립트 모듈 캐시,FP-라이브러리
INS를 위한 설치 파일로 예외처리 필요,FP-라이브러리
"오탐 예외요청 사유 : Conda 패키지 관리자가 패키지 다운로드 및 설치 시 사용하는 로컬 캐시 디렉토리로, 내부에는 패키지 바이너리, 메타데이터, 해시값(SHA) 등 시스템 캐시 데이터만 저장됨",FP-라이브러리
오탐: 예외요청 - APT 패키지 매니저의 저장소 메타데이터 파일. 패키지 목록 및 버전 정보가 포함됨,FP-라이브러리
"오탐: 예외요청 - 사유 : 라이브러리 관련된 변경 사항 기록을 담고 있는 파일. 해당 파일에는 소프트웨어 업데이트나 패치, 기능 추가, 버그 수정 사항 등이 압축된 텍스트 형태로 포함",FP-라이브러리
오탐: 예외요청 - 사유 : AUTHORS.gz는 컨테이너 이미지에 설치된 패키지의 기여자 (AUTHOR) 파일 정보로 탐지 예외처리 요청드립니다.,FP-라이브러리
오탐: 예외요청 - 도커 이미지 tar 파일에 해당. tar 파일 내 레이어 디렉토리 및 파일 이름이 해시값(SHA256 등)으로 구성되어 있음,FP-라이브러리
오탐: 예외요청 - 시스템의 RPM 패키지 관리 데이터베이스 파일. 설치된 패키지 정보가 저장됨,FP-라이브러리
"오탐: 예외요청 - 오픈소스 라이선스 고지(Third Party Notices) 파일로, 소스 코드 라이선스 정보만 포함",FP-라이브러리
"오탐: 예외요청 - locale 데이터 파일의 일부로, 중국어(번체) 문자 관련 정보를 포함하고 있음. 해당 파일은 특정 문자 집합과 그 입력 방법을 정의하고 있으며 라이브러리가 특정 로케일 데이터를 다루는 데 사용",FP-라이브러리
웹서버 설치 파일,FP-라이브러리
OS 설치용 라이브러리 파일,FP-라이브러리
"오탐: 예외요청 - blobs/sha256 경로는 도커 이미지 표준 저장 방식으로, 해당 디렉토리 내 파일은 이미지 레이어, 메타데이터 등을 sha256 해시값으로 저장한 것에 해당",FP-라이브러리
우분투 pkg 설치 파일로 개인정보 없음,FP-라이브러리
오탐: 설치된 패키지에 대한 리포지터리 메타데이터,FP-라이브러리
라이브러리,FP-라이브러리
관리 대상 아님-OS 관련,FP-라이브러리
OS 패키지 설치 파일,FP-라이브러리
오탐: 예외요청 - 사유 : changelog.Debian.gz 는 컨테이너 이미지에 설치된 패키지의 변경사항 기록 파일입니다. 탐지된 항목은 패키지 bug 제보자 및 응답자 문답 정보이므로 탐지 예외처리 요청드립니다.,FP-라이브러리
아나콘다 캐시파일,FP-라이브러리
서비스로그이며 주민번호 없음,FP-숫자패턴
탐지 내역과 일치 하지 않는 데이터,FP-숫자패턴
"검출된 항목의 데이터를 수집하지 않고, 저장하지 않음 파일의 숫자 형태를 오탐한 것으로 예상됨",FP-숫자패턴
"날짜, 시간 숫자 로그성 데이터를 주민번호로 인식한것으로 보임",FP-숫자패턴
"주민번호 탐지로 확인필요 /주민번호 없음, 접속기록 로그로 삭제불가",FP-숫자패턴
개발에 사용한 임시파일이고 데이터가 핸드폰 번호 형식으로 오탐 해당 파일 삭제 처리함,FP-숫자패턴
공사 번호가 전화번호로 인식한 오탐,FP-숫자패턴
일련번호를 주민번호로 인식한 것으로 보여짐,FP-숫자패턴
"주민등록번호 아님,플러그 단말 사용량 데이터 파일",FP-숫자패턴
단순 숫자 나열,FP-숫자패턴
이메일 발송이력 확인시 필요,FP-숫자패턴
가입번호 캐시 파일,FP-숫자패턴
해당 정보는 Memory_total 사이즈로 주민번호는 아닙니다. 서비스 내 주민번호를 수집하는 시나리오 없습니다.,FP-숫자패턴
운전면허번호를 취급하지 않는 시스템임. 삭제 예정,FP-숫자패턴
삭제조치 (주민번호는 취급하지 않기에 예외요청),FP-숫자패턴
오탐 단순 숫자나열,FP-숫자패턴
파일 내용 중 일부 내용이 주민번호 형식으로 표현되어 오탐(날짜 시퀀스 번호) 해당 프로세스 현재 사용안하므로 해당 파일 삭제 처리함,FP-숫자패턴
"삭제 가능, 운전면허 번호 없음",FP-숫자패턴
타임스탬프 및 시퀀스 넘버,FP-숫자패턴
오탐: 운전면허번호 수집하고 있지 않음.,FP-숫자패턴
타임스탬프와 단순 숫자 나열로 확인,FP-숫자패턴
솔루션 내 특정 Idnetifier를 계좌번호로 검출한 Case,FP-숫자패턴
날짜 데이터를 주민등록번호로 검출한 Case,FP-숫자패턴
"해당 파일 오탐확인 (회선번호 시작이 4x, 5x로 시작)",FP-숫자패턴
타임스탬프,FP-숫자패턴
수신 세션 flow 처리 개수 통계 수치,FP-숫자패턴
"버전표시 숫자만 확인됨 (ex. 1406011556980, 1406011556997)",FP-숫자패턴
tomcat 관련정보로 주민번호 없음,FP-숫자패턴
"패턴 오 인식(주민등록번호), Altibase DB로그",FP-숫자패턴
용량관련한 숫자로 주민번호로 오탐,FP-숫자패턴
로그중 일부가 주민번호 형태를 취하고 있어 검출된것으로 추정. 현재 삭제 처리,FP-숫자패턴
로그중 일부가 주민번호 형태를 취하고 있어 검출된것으로 추정. 기솔팀 분석시 삭제시 동작에 영향이 있을 수 있어 제외,FP-숫자패턴
개인정보아님(시스템 로그 내 숫자로 주민번호 아님),FP-숫자패턴
메모리 사용량 오탐,FP-숫자패턴
memory 사용량을 주민번호로 오탐,FP-숫자패턴
주민등록 번호 없음,FP-숫자패턴
주민등록번호 없음. 삭제 완료,FP-숫자패턴
오탐: 단순숫자 나열,FP-숫자패턴
오탐: 단순숫자나열,FP-숫자패턴
운전 면허 번호 정보 없음,FP-숫자패턴
"주민등록번호 없음, 삭제 완료",FP-숫자패턴
timestamp 값,FP-숫자패턴
타임스탬프값이 주민등록번호로 인식,FP-숫자패턴
CTN이 아닌 앨범ID나 곡ID등의 값 (불필요하여 삭제완료),FP-숫자패턴
로그 상의 메모리 사이즈를 표현한 것을 주민등록 번호로 판단한 것으로 보입니다.,FP-숫자패턴
주민등록번호 정보 없음 / 주민번호 없음 / 주민번호 수집안함,FP-숫자패턴
Core Probe Packet 파일로 바이너리 내용을 핸드폰 번호 등으로 오탐,FP-숫자패턴
"개인정보 아님, timestamp",FP-숫자패턴
"주민등록번호 아님(숫자 나열), 삭제조치(개발자 이메일이 포함되어 예외처리 요청)",FP-숫자패턴
"오탐: 운전면허번호, 여권번호 수집하고 있지 않음.",FP-숫자패턴
오탐: 단순 숫자나열,FP-숫자패턴
주민번호없음,FP-숫자패턴
해당 파일의 string 값을 전화번호로 인식,FP-숫자패턴
"주민번호x, 법인등록번호o",FP-숫자패턴
로그 타임스탬프가 13자리 주민등록번호로 인식되어 오탐,FP-숫자패턴
POI 상점 전화번호,FP-숫자패턴
네트워크 전송량을 주민번호로 인식,FP-숫자패턴
application 자동생성 unique id,FP-숫자패턴
"로그파일의 orgaddr, dstaddr 번호를 전화번호로 인식",FP-숫자패턴
로그파일의 TransactionID 번호를 전화번호로 인식,FP-숫자패턴
날짜 13자리 timestamp,FP-숫자패턴
휴대폰번호가 아닌 가입번호,FP-숫자패턴
"날짜, 시간 timestamp, 임의 랜덤번호",FP-숫자패턴
Log 기록time 또는 사업자/법인번호,FP-숫자패턴
서버 access time의 숫자형 문자열,FP-숫자패턴
오탐: 예외요청 - 엔진G/W에서는 운전면허번호를 수집/사용/전달하지 않는 것으로 확인. 로그 파일 내 숫자 배열을 운전면허번호로 오탐,FP-숫자패턴
오탐 (단순 custid 데이터) / 오탐 (은행 계좌 번호 암호화처리),FP-숫자패턴
"데이터 보관 주기에 따라 삭제됨, 핸드폰 번호 데이터 없으며 argosi.YYYY-MM-DD 형식의 파일은 예외 처리 필요함",FP-숫자패턴
확인 결과 : 오디언스번호,FP-숫자패턴
확인결과 : 유닉스 시간대,FP-숫자패턴
오탐 : Log 기록time 또는 사업자/법인번호,FP-숫자패턴
네트워크 전송량을 외국인등록번호로 인식,FP-숫자패턴
주민등록번호 없음,FP-숫자패턴
통합통계 구분코드 중 SID가 One_ID 로 생성됨,FP-숫자패턴
"주민번호 앞자리만, 핸드폰 번호 포함으로 삭제",FP-숫자패턴
통합실적포털 개발기 WEB에서 사용하는 xml파일로 삭제불가,FP-시스템로그
mysql db log로 가입자 정보 없음,FP-시스템로그
server-i 실행 로그 (삭제 조치),FP-시스템로그
시스템 로그메세지로 개인정보 없음,FP-시스템로그
서비스 liveness 감시 로그 파일로 개인정보 없음,FP-시스템로그
"altibase의 이중화, storage, 쿼리 중 발생하는 시스템 로그",FP-시스템로그
"호처리 분석용 실패 로그, 7일 보관 후 자동 삭제",FP-시스템로그
NAS 사용량 증감 수치 정보 기록파일,FP-시스템로그
"웹서버 access_log,ssl_request 로그 디렉토리",FP-시스템로그
"민원대응을 위한 호처리서버의 발,착신 호처리 로그",FP-시스템로그
인프라 점검 스크립트,FP-시스템로그
"원천에서 연동 받는 운영용 파일이며, DB로 연동 후 7일 후 삭제 로직 수행",FP-시스템로그
어플리케이션 로그 파일,FP-시스템로그
삭제조치 (크론 삭제),FP-시스템로그
시스템 debug log로 개인정보 없음,FP-시스템로그
서비스 통계로그(삭제 처리) / 삭제 불가 : 통합통계 소나 통계 압축 파일,FP-시스템로그
서버 모니터링 로그,FP-시스템로그
DB 바이너리 파일임,FP-시스템로그
시스템 사용자 접속 로그,FP-시스템로그
서버 모니터링로그,FP-시스템로그
자사 NW 장비 및 망 구성정보,FP-시스템로그
연동 파일 자동삭제 log 정보,FP-시스템로그
old 데이터라 삭제 처리,FP-시스템로그
장비 성능 지표,FP-시스템로그
서버 모니터링 관련 데이터,FP-시스템로그
해당 파일 3사 공동이용망 통계 연동 파일명임,FP-시스템로그
오라클 성능 AWR자료,FP-시스템로그
민원대응을 위한 OpenAPI 트랜잭션 로그 파일,FP-시스템로그
장비 성능 지표 데이터,FP-시스템로그
당사 장비 구성정보 (설치 주소 등)임,FP-시스템로그
웹서버 로그 파일,FP-시스템로그
웹서버 로그파일. 삭제불가,FP-시스템로그
시스템 파일로 개인정보 없음,FP-시스템로그
Open stack의 swift 데몬이 관리하는 데이터 파일. 개인정보 파일이 아님,FP-시스템로그
DB Safer의 사용자 로그입니다.,FP-시스템로그
모바일가입자가 웹서비스(http) 사용시 캐싱을 위해 사용,FP-시스템로그
시스템 로그,FP-시스템로그
서버설정정보 백업,FP-시스템로그
삭제 조치 (데이터들은 응용에서는 전혀 사용안하는 영역으로 DBA요청하여 삭제처리/DBA가 백업 생성),FP-시스템로그
자동삭제(예약작업에 의한 자동삭제),FP-시스템로그
매일 주기적 백업으로 인해 자동 생성 및 자동 삭제됨,FP-시스템로그
"오탐 설명: 삭제처리는 가능하나 SonatypeNexus 서버 로그가 저장되는 파일로서 주민등록번호, 외국인 등록 번호는 포함되는지 확인이 어려움 정확한 확인 필요시 검출시의 패턴 확인 필요",FP-시스템로그
장비 로그,FP-시스템로그
Call Fail Reason 이력 확인,FP-시스템로그
장비로그,FP-시스템로그
예약작업으로 매일 주기적 생성 및 삭제됨,FP-시스템로그
30일 후 자동삭제됨,FP-시스템로그
장비 config 설정을 매일 1회 백업하여 생성되는 파일로 예외처리 필요,FP-시스템로그
당사 장비 구성정보 (시리얼번호 등)임,FP-시스템로그
장비 설치 장소 정보로 개인정보 아님,FP-시스템로그
DB 장애 처리용 백업 데이터로 삭제 불가,FP-시스템로그
서버 자동 진단데이터 수집(일별로 변경되는 파일),FP-시스템로그
서버 자동 진단데이터 수집,FP-시스템로그
시스템 로그로 주민등록 미포함,FP-시스템로그
로그 내 감시패턴과 일치하는 항목존재,FP-시스템로그
APP스캔 결과서 내부의 X-Global-Transaction-ID가 탐지된 것으로 보임,FP-시스템로그
시스템 자체생성파일로 코딩되어 @로 표기되어 메일로 오인지함,FP-시스템로그
콜로그이며 ctn번호 포함,FP-시스템로그
ctn 정보포함된 콜로그임,FP-시스템로그
ctn 정보가 포함된 콜로그,FP-시스템로그
ctn을포함한 호처리 메시지로그,FP-시스템로그
ctn이 포함된 콜로그임,FP-시스템로그
ctn 정보가 포함된 콜로그임,FP-시스템로그
메인 시스템 로그 수집하는 경로,FP-시스템로그
서버 변경에 의한 유휴서버 off 처리,FP-시스템로그
당사 장비 구성정보 (NTOSS 장비ID 등)임,FP-시스템로그
SNMS 로그 파일,FP-시스템로그
CTN 정보 남기지 않음,FP-시스템로그
node js 서버 로그,FP-시스템로그
해당 건 서브시스템 로그로 개인정보 아님,FP-시스템로그
해당 건 시스템 패치 관련 데이터로 개인정보 아님,FP-시스템로그
해당 건 시스템 패치관련 데이터로 개인정보 아님,FP-시스템로그
서비스/시스템 간 장비알람/통계 연동이력으로 개인정보 아님,FP-시스템로그
해당 건 시스템 패치관련 소스로 개인정보 아님,FP-시스템로그
"snapshot 파일은 daily로 7개, weekly로 52개가 기본적으로 생성,유지하는 정책이 default(인프라확인내용)",FP-시스템로그
해당 건 시스템 수행로그로 개인정보 아님,FP-시스템로그
/MDMO_NAS/ snapshot 경로는 NAS 백업경로로 예외처리 필요,FP-시스템로그
/MDMO_NAS/ecm 경로는 ecm파일 경로로 예외필요,FP-시스템로그
/MDMO_NAS/newmail 경로는 메일 첨부파일 경로로 예외필요,FP-시스템로그
/MDMO_NAS/bbs 경로는 마당포탈 게시판 첨부파일 경로로 예외필요,FP-시스템로그
/MDMO_NAS/approval/ 결재 첨부파일 보관 경로로 예외처리 필요,FP-시스템로그
/MDMO_NAS/mail/ 은 메일첨부파일 경로로 예외처리 필요,FP-시스템로그
어플리케이션 서비스 로그,FP-시스템로그
백업/테스트/log 파일 - 삭제완료,FP-시스템로그
개인사용자보고서는 운영레벨에서 삭제 할수 없음.,FP-시스템로그
BI-Matrix 사용하는 캐시로 삭제불가,FP-시스템로그
BI-Matrix log로 삭제불가,FP-시스템로그
BI-Matrix 사용하는 .xml 파일로 삭제불가,FP-시스템로그
BI-Matrix 사용하는 .json파일로 삭제불가,FP-시스템로그
BI 보고서 소스로 해당정보 없음,FP-시스템로그
BI-Matrix 사용하는 log 파일로 삭제불가,FP-시스템로그
장비 성능정보로 개인정보 아님,FP-시스템로그
pbsetl01 서버는 기업dw EOSL ETL서버로 F/O 되었음 6/24되어,FP-시스템로그
장비 성능 통계 정보로 개인정보 아님,FP-시스템로그
BI 솔루션 사용 로그 ZIP파일,FP-시스템로그
BI 솔루션 사용 캐시 ZIP파일,FP-시스템로그
BI에서 사용하는 xml파일로 삭제불가,FP-시스템로그
보고서 캐시 파일로 삭제 처리,FP-시스템로그
Decommission Node,FP-시스템로그
메일로그,FP-시스템로그
elasticsearch 저장데이터,FP-시스템로그
WAS 서버 로그 백업,FP-시스템로그
asterisk 에러메시지 로그이나 고객사 백업 파일내 파일위치로 확인불가하여 삭제 불가함,FP-시스템로그
nms 로그이나 고객사 백업 파일내 파일위치로 확인불가하여 삭제 불가함,FP-시스템로그
NAS 증감 수치가 기록된 파일,FP-시스템로그
F/O로 예외 처리,FP-시스템로그
서비스에서 Fade-out되어 사용하지 않는 서버입니다. 종료 됨,FP-시스템로그
NAS 영상 업로드 저장 된 파일,FP-시스템로그
node js 로그,FP-시스템로그
svn 데이터,FP-시스템로그
장비 F/O,FP-시스템로그
Fluent Bit 로그 수집기 관련 파일,FP-시스템로그
서버 모니터링 정보로 개인정보 아님,FP-시스템로그
sql server error SQL 파일,FP-시스템로그
sql server profiler 파일,FP-시스템로그
WAS 서버 로그 사용자별 로그,FP-시스템로그
서버 간 통신정보로 개인정보아님,FP-시스템로그
nginx 로그,FP-시스템로그
통합실적포털 web서버에서 사용하는 xml로 파일 삭제불가,FP-시스템로그
SVN데이터,FP-시스템로그
메일데이터,FP-시스템로그
백업솔루션 자체 생성 파일,FP-시스템로그
"소스 압축파일, 삭제 조치 완료",FP-시스템로그
nginx 서버 로그,FP-시스템로그
DOCUZEN 솔루션 데이터,FP-시스템로그
BI에서 사용하는 ZIP파일로 삭제불가,FP-시스템로그
메신저 프로젝트 파일,FP-시스템로그
프로젝트 백업 파일,FP-시스템로그
메신저 조직도 파일,FP-시스템로그
프로젝트 백업 데이터,FP-시스템로그
젠킨스 데이터,FP-시스템로그
레드마인 서버 데이터,FP-시스템로그
WAS 서버 로그,FP-시스템로그
메일 mint 프로젝트 파일,FP-시스템로그
DB 복제 시 발생된 로그 추적 파일,FP-시스템로그
특성당 로그 파일을 당시 특성당 관련 기술지원 처리를 위해 백업해 둔 것으로 삭제했습니다. 실제 주민번호는 없었을 것입니다.,FP-시스템로그
서비스 데몬 로그,FP-시스템로그
삭제불가 : 서비스이력용으로 자동삭제,FP-시스템로그
오탐 : 일일백업,FP-시스템로그
TLO 로그,FP-시스템로그
로그백업,FP-시스템로그
검증 서버 서비스 로그,FP-시스템로그
보안프로그램(솔리드스텝) 로그. 권한없음. 삭제불가,FP-시스템로그
서버IP정보 - 오래되고 사용하지 않는 로그파일로 삭제진행,FP-시스템로그
서버정보로그 - 로그파일 삭제,FP-시스템로그
서버정보로그 - 2025년 이전 로그파일 삭제,FP-시스템로그
메일 삭제 과거 14일 보관,FP-시스템로그
오탐: altibase 이중화 관련 log,FP-시스템로그
db 모니터링 로그임,FP-시스템로그
서비스 로그 (예외요청),FP-시스템로그
일일 db백업 exp파일임,FP-시스템로그
자동생성되는 배치 로그 파일,FP-시스템로그
스팸정보 서비스 로그,FP-시스템로그
F/O 예정,FP-시스템로그
25년 5월 26일 디스크 천공 후 자산 폐기 완료,FP-시스템로그
http 캐시된 파일입니다,FP-시스템로그
로그파일,FP-시스템로그
삭제불가 실시간 LOG (Logrotate),FP-시스템로그
"서비스 로그(52일 저장 후 자동삭제, 삭제완료)",FP-시스템로그
서비스 TLO 로그,FP-시스템로그
서비스 로그(하루치 데이터가 쌓이고 날짜가 지나면 날짜가 추가된 파일로 이름이 변경됨. 최신 하루데이터만 저장되는 파일),FP-시스템로그
자동생성되는 서버로그 파일,FP-시스템로그
삭제조치(서비스로그),FP-시스템로그
삭제 불가 (Solidstep 담당자 확인 필요),FP-시스템로그
보관주기 초과로 자동삭제된 파일 / 개인정보 파일 아닌 네트워크 상태정보 파일임,FP-시스템로그
서비스로그로 삭제 불가,FP-시스템로그
서비스 사용 파일,FP-시스템로그
"5-25 업그레이드 당시 생성한 S-15 백업 파일로, 주민등록번호를 취급하지 않는 시스템임",FP-시스템로그
MMSS OAM 서비스 로그,FP-시스템로그
"서버가 아닌 NAS에 존재하는 파일로, NW 현업 업무로 생성 된 파일임.",FP-시스템로그
TestWeb 홈페이지의 로그 파일,FP-시스템로그
오탐 : db로그파일(실시간 자동생성됨),FP-시스템로그
솔루션 내부 메타 정보 또는 서버 기동 관련 설정 정보로 개인정보 없음,FP-시스템로그
db tracelog 파일 임,FP-시스템로그
오탐: 서비스 사용 js 파일,FP-시스템로그
서비스로그(주민번호 남기지 않음),FP-시스템로그
"재기동 시, 세션 정보 백업 파일로 프로세스 기능에 필수 데이터이며, 일정 기간 후 삭제됨",FP-시스템로그
호 실패 로그,FP-시스템로그
ngis에서 파일다운로드 시 저장되는 임시파일로 개인정보 없음,FP-시스템로그
서비스로그로 주민번호남기지 않고있음(숫자의 우연히 일치로 추정됨),FP-시스템로그
"3달전 로그 파일 삭제배치로 인한 삭제 예정, 운전면허 번호 없음",FP-시스템로그
DR서버 기동 관련 log. 개인정보없음,FP-시스템로그
오라클에서 제공하는 성능 모니터링 툴 로그로 개인정보 없음,FP-시스템로그
장비정보 및 장비식별정보에 대한 파일로 개인정보 없으며 예외처리 완료,FP-시스템로그
CapaDashboard 백업 데이터,FP-시스템로그
ELK관련파일,FP-시스템로그
접근제어솔루션 웹로그,FP-시스템로그
접근제어솔루션 로그,FP-시스템로그
AS정보,FP-시스템로그
보관주기 초과로 자동삭제된 파일 / 개인정보 파일 아닌 시스템 리소스 모니터링 결과파일임,FP-시스템로그
삭제불가(인프라사용파일),FP-시스템로그
"주기적 생성 연동 데이터, 디렉토리 예외필요",FP-시스템로그
app로그로 계속 신규 생성됨,FP-시스템로그
서비스 로그(SMS발송모듈). 삭제완료,FP-시스템로그
단순 서비스로그/삭제조치,FP-시스템로그
서비스 로그,FP-시스템로그
스케줄러 서비스 로그,FP-시스템로그
삭제조치(미사용 로그로 삭제),FP-시스템로그
삭제가능(서비스운영팀 확인 후 삭제 필요),FP-시스템로그
과거 로그 파일/삭제조치,FP-시스템로그
DB 서비스 로그,FP-시스템로그
"오탐: 서비스로그, 삭제조치함",FP-시스템로그
"솔루션 내부 Application 로그로, 개인정보를 취급하지 않는 시스템임.",FP-시스템로그
오라클 RAC / GI 환경 점검 및 문제 분석시 필요한 진단 LOG로 개인정보와 무관,FP-시스템로그
데이터베이스 서버의 운영 상태를 기록하는 추적 로그 파일,FP-시스템로그
삭제조치(미사용 로그),FP-시스템로그
스팸차단 소스 백업,FP-시스템로그
KISA 신고 데이터,FP-시스템로그
삭제조치(서비스로그_보관주기 오버 자동삭제),FP-시스템로그
F/O 처리된 서버,FP-시스템로그
http 요청 내역이 기록되는 Log 파일로 개인정보 없음,FP-시스템로그
XML 포맷 규격 정의,FP-시스템로그
스팸차단 가입/탈퇴 정보,FP-시스템로그
소스 반영 업로드,FP-시스템로그
"주민등록번호 오탐 (식별 불가) 이메일주소, 전화번호 정탐 서비스로그 2개월 보존",FP-시스템로그
ECM 통합검색 문서 수집/색인 정보 및 로그 파일,FP-시스템로그
바이너리 백업,FP-시스템로그
시뮬레이터 발신 로그,FP-시스템로그
소스코드 점검 결과를 업로드 json파일임 (점검일시 및 위험도 등급등 기재),FP-시스템로그
ES 데이터,FP-시스템로그
서비스로그,FP-시스템로그
삭제조치(access로그),FP-시스템로그
Apache HTTP Server에서 SSL 요청에 대한 로그를 기록하는 파일,FP-시스템로그
MMSS KISA 신고 전송결과,FP-시스템로그
PVS에서 사용하는 Tibco 사 솔루션 내 파일로 운전면허 번호와 같은 개인 식별정보가 아님. 탐지 대상에 제외 필요함,FP-시스템로그
오탐 캐시로그 삭제조치,FP-시스템로그
서비스 로그 백업,FP-시스템로그
서비스 감시(TLO). 삭제완료,FP-시스템로그
서비스 로그(CNAP연동). 삭제완료,FP-시스템로그
보안프로그램(솔리드스텝) 로그. 권한없음. 삭제불가. 담당자 요청하여 삭제 예정,FP-시스템로그
대량주소정제 실행 결과 파일 / 주소정제서버 기동 관련 log. 개인정보없음,FP-시스템로그
gitlab 설정파일,FP-시스템로그
서비스 로그(엘라스틱서치 GC). 삭제완료,FP-시스템로그
서비스 로그(서비스 미이용 탈퇴 안내). 삭제완료,FP-시스템로그
http 캐시된 데이터 파일 입니다.,FP-시스템로그
관리자 업무 조회 내역 보관용(개인정보보호),FP-시스템로그
PVS간 상호대사 목적 임시생성파일,FP-시스템로그
딥필드 로그 파일(개인정보 없음 확인),FP-시스템로그
서비스로그 (백업),FP-시스템로그
XML 기본 포맷,FP-시스템로그
http 캐시된 파일입니다.,FP-시스템로그
"데이터보안팀 1차 판단_호 실패, 시스템 로그",FP-시스템로그
"시스템, 호처리 실패 로그",FP-시스템로그
mysql 사용중 성능을 기록하는 로그,FP-시스템로그
"호실패 로그, 장애/민원 분석에 필요",FP-시스템로그
로그 취합 파일로 삭제 예정,FP-시스템로그
보관주기 초과로 자동삭제된 파일 / 시스템 리소스 모니터링 결과파일,FP-시스템로그
장비 수집 로그(IPS 이벤트 로그),FP-시스템로그
주민등록번호 아님. Whatap 로그 파일,FP-시스템로그
웹팩스 아이디가 이메일 형식임(실제 이메일 아님),FP-이메일패턴
웹팩스 아이디가 이메일 형식임(실제 이메일 아님). 삭제,FP-이메일패턴
오탐: @문자는 포함되어 있으나 이메일주소는 아님,FP-이메일패턴
웹팩스 아이디가 이메일 형식임(실제 이메일 아님). 삭제처리,FP-이메일패턴
change log에는 파일변경 시 변경하는 사람에 대한 정보가 입력됩니다. 이에 이메일 주소가 입력된 것으로 개인 정보는 아닙니다.,FP-이메일패턴
오탐: @패턴이 포함된 문자열,FP-이메일패턴
오탐: @문자 패턴을 사용한 로그,FP-이메일패턴
"오탐: 이미지 파일이며, @문자 패턴 탐색",FP-이메일패턴
"오탐: 바이너리 파일이며, @문자 패턴 탐색",FP-이메일패턴
'@' 문자가 포함되어 있는 이름 존재,FP-이메일패턴
"타임스탬프 및 단순 숫자 나열, 이메일 주소 아님. 삭제완료",FP-이메일패턴
"해당 정보는 이메일 정보가 아니며, 서비스에서 이메일을 수집하는 시나리오는 없습니다.",FP-이메일패턴
메일 주소 아님.,FP-이메일패턴
"Weblogic 솔루션 내 데이터로, 난독화 값 중 @가 검출 됨",FP-이메일패턴
@로 탐지되었으나 .png파일로 localhost_access_log.txt 파일에 @가 포함되어 이메일로 식별됨,FP-이메일패턴
@BDP.LGUPLUS.CO.KR,FP-이메일패턴
E-Mail 주소 없음,FP-이메일패턴
웹팩스 아이디가 이메일 형식임(실제 이메일 아님). 실시간 서비스 로그로 삭제 불가 날짜 변경 시 파일명 변경 됨,FP-이메일패턴
로그 내용 중 파일명 관련된 부분에 @가 포함되어 있어 잘못 탐지된 것으로 보임,FP-이메일패턴
@로 탐지되었으나 .png파일로 bimatrix 파일명에 @가 포함되어 이메일로 식별됨,FP-이메일패턴
커버로스주소이나 템프파일이라 전체 삭제,FP-이메일패턴
삭제 lguplus.co.kr@LGULUS.CO.KR,FP-이메일패턴
프로세스아이디@서버주소 또는 클러스터 application 호출방식이 이메일주소패턴,FP-이메일패턴
lgdacom.net 도메인명을 이메일주소로 오탐,FP-이메일패턴
lg 도메인 주소 오탐,FP-이메일패턴
"해당 내역 Redhat 등 OS 제공 업체의 변경 이력으로 남긴 이메일 주소임. 당사 고객 및 임직원, 관련자 정보 아님",FP-이메일패턴
개인정보아님(host@realm 형식의 시스템 설정값임),FP-이메일패턴
개인정보아님(시스템 로그 내 숫자로 주민번호 아님. host@realm 형식의 시스템 설정값임),FP-이메일패턴
로그중 일부가 E-Mail 형태를 취하고 있어 검출된것으로 추정. 기솔팀 분석시 삭제시 동작에 영향이 있을 수 있어 제외,FP-이메일패턴
"RHEL 계열 리눅스에서 기본 제공하는 소프트웨어 저장소이며, 이메일로 탐지 되었으나, @ 단순 문자열 탐지로, 오탐",FP-이메일패턴
이메일정보 없음 / E-mail주소 없음,FP-이메일패턴
내부서비스 통신 Log 일부가 이메일 주소의 양식과 비슷해 오탐,FP-이메일패턴
messages.로그백업으로 etm@openssh.com을 메일로 인지. 오탐이나 백업받은 파일이라 삭제완료,FP-이메일패턴
SUN os에서 사용하는 로그이며 ntp url이 포함됨,FP-이메일패턴
파일4개(@BDP.LGUPLUS.CO.KR),FP-이메일패턴
sip url이 번호@ip 형태여서 이메일 주소 형태로 인지,FP-이메일패턴
SUN os ntp주소가 포함되어있음,FP-이메일패턴
솔루션 내에 버전 관리 정보를 E-Mail 주소로 검출한 Case,FP-이메일패턴
"주민등록번호 탐지는 타임스탬프이며, 웹팩스 아이디가 이메일 형식임",FP-이메일패턴
실제 사용자 이메일주소 아니므로 예외 필요함 (engine-YYYY-MM-DD.0.log 형식),FP-이메일패턴
개발자 credit 공유용 이메일 주소로 특이사항없음,FP-이메일패턴
오탐: @문자는 포함한 임의 생성된 정보임,FP-이메일패턴
웹팩스 아이디가 이메일 형식임. 실제 이메일 아님,FP-이메일패턴
Package개발자 E-mail주소임,FP-이메일패턴
오탐: @문자사용 패턴,FP-이메일패턴
커버로스주소,FP-이메일패턴
외부 통신이 불가능한 서버의 yum을 사용하기 위한 Local Repository내 이메일 형식의 단어가 포함되어 있음 (ex. xxx@redhat.com),FP-이메일패턴
email 주소 없음,FP-이메일패턴
웹팩스 사용자 아이디가 이메일 형식이라서 검출됨(실제 이메일 아님). 삭제,FP-이메일패턴
오탐: @문자를 포함한 패턴,FP-이메일패턴
웹팩스 사용자 아이디가 이메일 형식이라서 검출됨(실제 이메일 아님),FP-이메일패턴
웹팩스 아이디가 이메일 형식임. 불필요한 파일 삭제처리,FP-이메일패턴
오탐: @문자를 사용한 임의 생성정보,FP-이메일패턴
웹팩스 아이디가 이메일 형식임. 불필요한 로그 삭제처리,FP-이메일패턴
오탐: @문자 패턴 매칭으로 메일정보는 아님,FP-이메일패턴
미사용 파일 삭제 완료,FP-파일없음
/BIMATRIX/20240911_edw_backup/reports/[CACHE_ROOT] 폴더 없음,FP-파일없음
파일 미존재,FP-파일없음
파일없음,FP-파일없음
파일을 찾을 수 없음,FP-파일없음
서버에 해당 파일이 없음,FP-파일없음
서버 네트워크 설정정보 저장파일로 개인정보 미존재,FP-파일없음
파일 경로 미 존재,FP-파일없음
파일 경로내 파일 미 존재,FP-파일없음
파일 없음,FP-파일없음
해당 경로에 파일 존재하지 않음,FP-파일없음
경로에파일없음. 위의파일과동일함,FP-파일없음
삭제되어 존재하지 않는 파일,FP-파일없음
해당폴더 없음,FP-파일없음
해당 경로 파일 없음,FP-파일없음
파일경로오류,FP-파일없음
파일 존재하지 않음,FP-파일없음
"오탐 : 삭제불가(경로를 찾을수 없으며, 기 삭제되어 없는지 파일을 찾을수가 없음)",FP-파일없음
파일 존재 x,FP-파일없음
해당경로 없음,FP-파일없음
경로 내 파일 없음,FP-파일없음
해당 파일경로에 현 미존재,FP-파일없음
접근 불가:No such file or directory,FP-파일없음
미존재,FP-파일없음
파일명은 TLO 파일포멧으로 보이나 탐지된 파일경로 / 에 해당 파일없음.,FP-파일없음
파일 172개,FP-파일없음
파일 9개,FP-파일없음
파일 50개(impala@SG.LGUPLUS.CO.KR),FP-파일없음
해당파일없음,FP-파일없음
파일 6개 (@LGUPLUS.CO.KR),FP-파일없음
파일 60개,FP-파일없음
파일 삭제 완료,FP-파일없음
파일 260개,FP-파일없음
파일존재하지않음,FP-파일없음
"해당 경로에 파일이 없음(삭제배치에 의해 삭제), 핸드폰 번호 포함 안 됨",FP-파일없음
TLO 파일 3개월 보관 크론으로 자동삭제,FP-파일없음
자동삭제로 파일 없음,FP-파일없음
해당 서버 F/O처리,FP-파일없음
오탐: 파일경로 확인불가,FP-파일없음
오탐: 해당경로 없음,FP-파일없음
폴더 없음,FP-파일없음
오탐: 파일 경로 (/) - 중복 검출 항목,FP-파일없음
"파일 존재 x, 디렉토리 존재x",FP-파일없음
경로에 해당 파일 없음,FP-파일없음
"해당 경로, 파일없음",FP-파일없음
해당 경로 및 파일 미 존재,FP-파일없음
경로없음,FP-파일없음
해당 경로에 파일이 존재하지 않음 / 파일 미존재 / 해당위치에 파일 존재 하지 않음,FP-파일없음
해당 파일 없음,FP-파일없음
미존재 경로,FP-파일없음
file명이 없어 확인불가,FP-파일없음
존재하지 않는 파일,FP-파일없음
해당 경로에 파일 없음,FP-파일없음
휴지통 폴더에 있는 임시 파일로 응용 SM에서 확인불가함. 탐지 대상에서 제외 필요함,FP-파일없음
권한없음,UNKNOWN
소유자 권한이 ROOT로 인한 삭제 불가,UNKNOWN
보안 보고서 압축 파일로 개인정보를 찾지 못함,UNKNOWN
오탐 삭제조치,UNKNOWN
아이디 설정 파일로 개인정보 없음,UNKNOWN
삭제,UNKNOWN
데이터보안팀 1차 판단 오탐 맞습니다.(NW AXE팀 확인),UNKNOWN
삭제조치(불필요파일),UNKNOWN
삭제(이전 서비스 파일로 삭제),UNKNOWN
삭제(불필요 파일로 삭제),UNKNOWN
조치(삭제),UNKNOWN
오탐(예외처리),UNKNOWN
root권한이며 zip으로 압축되어 있음,UNKNOWN
오탐이나 삭제 완료(불필요 파일),UNKNOWN
오탐으로 예외처리,UNKNOWN
삭제불가,UNKNOWN
오탐인데 필요 없는 파일이라 삭제처리함,UNKNOWN
삭제완료(/data/fromprofiledb/profiledb/tmp/*),UNKNOWN
삭제조치,UNKNOWN
예외 협의 건,UNKNOWN
개발팀 자료제출 목적,UNKNOWN
삭제완료,UNKNOWN
데이터보안팀 1차 오탐 판단,UNKNOWN
삭제 조치 완료,UNKNOWN
다른장비와 동일하게 오탐내용임,UNKNOWN
삭제(예외요청),UNKNOWN
파일삭제,UNKNOWN
1개유지,UNKNOWN
오탐예외요청,UNKNOWN
예외요청-파일 60일,UNKNOWN
삭제(2017년데이터),UNKNOWN
"분석용 임시 파일, 삭제완료",UNKNOWN
데이터보안팀 1차 판단,UNKNOWN
미사용 파일 삭제,UNKNOWN
예외요청,UNKNOWN
오탐:예외처리,UNKNOWN
오탐: 예외처리,UNKNOWN
디렉터리 위치 확인 필요,UNKNOWN
불필요 파일 삭제하였음,UNKNOWN
다른장비와 동일하게 오탐내용임. 삭제완료,UNKNOWN
오탐이나삭제조치함,UNKNOWN
Voice망기술팀 장비 아님(실제 상용 장비),UNKNOWN
오탐(개인정보가 아님),UNKNOWN
작업용 파일,UNKNOWN
설정 파일로 해당 사항 없음,UNKNOWN
삭제처리 완료,UNKNOWN
"데이터보안팀 1차 판단, 서버 셧다운",UNKNOWN
삭제처리,UNKNOWN
오탐 예외요청 사유:,UNKNOWN
오탐 : 예외요청,UNKNOWN
해당파일은 개인정보 미보유파일,UNKNOWN
"오탐이나, 불필요 파일로 삭제조치",UNKNOWN
기존 삭제 조치 완료,UNKNOWN
아키텍처팀 김병구님이 담당하는 장비,UNKNOWN
데이터보안팀 1차 판단/삭제조치,UNKNOWN
해당정보 없음,UNKNOWN
"오탐, 불필요하여 삭제함",UNKNOWN
불필요 삭제,UNKNOWN
오탐(삭제조치),UNKNOWN
불필요한 백업파일이라 삭제완료,UNKNOWN
삭제처리완료,UNKNOWN
개인정보 없음,UNKNOWN
오탐이나 삭제조치함,UNKNOWN
삭제조치 (불필요파일),UNKNOWN
삭제완료된 파일,UNKNOWN
오탐이지만 불필요 파일로 삭제 처리함,UNKNOWN
설정파일,UNKNOWN
삭제불가(프로젝트산출물),UNKNOWN
설치파일,UNKNOWN
소스파일,UNKNOWN
데이터보안팀 1차 한단,UNKNOWN
오탐이나 삭제 완료,UNKNOWN
오탐이나 불필요파일로 삭제 조치함,UNKNOWN
삭제조치 / 과거 작업 파일,UNKNOWN
"오탐이나, 삭제조치 함",UNKNOWN
확인 완료,UNKNOWN
데이터보안팀 1차 판단. 오탐 맞습니다.(NW AXE팀 확인),UNKNOWN
분석용 파일,UNKNOWN
데이터보안팀&현업 판단,UNKNOWN
